<annotation>
    <folder>train</folder>
    <filename>img_tr-ca_4.jpg</filename>
    <size>
        <width>800</width>
        <height>600</height>
        <depth>3</depth>
    </size>
    <object>
        <name>toy_Car</name>
        <pose>Unspecified</pose>
        <truncated>0</truncated>
        <difficult>0</difficult>
        <bndbox>
            <xmin>415</xmin>
            <ymin>234</ymin>
            <xmax>547</xmax>
            <ymax>352</ymax>
        </bndbox>
    </object>
    <object>
        <name>Triangle</name>
        <pose>Unspecified</pose>
        <truncated>0</truncated>
        <difficult>0</difficult>
        <bndbox>
            <xmin>242</xmin>
            <ymin>472</ymin>
            <xmax>441</xmax>
            <ymax>586</ymax>
        </bndbox>
    </object>
</annotation>