<annotation>
    <folder>train</folder>
    <filename>img_tr-ca-gn_7.jpg</filename>
    <size>
        <width>800</width>
        <height>600</height>
        <depth>3</depth>
    </size>
    <object>
        <name>toy_Car</name>
        <pose>Unspecified</pose>
        <truncated>0</truncated>
        <difficult>0</difficult>
        <bndbox>
            <xmin>245</xmin>
            <ymin>397</ymin>
            <xmax>357</xmax>
            <ymax>551</ymax>
        </bndbox>
    </object>
    <object>
        <name>Triangle</name>
        <pose>Unspecified</pose>
        <truncated>0</truncated>
        <difficult>0</difficult>
        <bndbox>
            <xmin>324</xmin>
            <ymin>269</ymin>
            <xmax>399</xmax>
            <ymax>342</ymax>
        </bndbox>
    </object>
    <object>
        <name>Gun</name>
        <pose>Unspecified</pose>
        <truncated>0</truncated>
        <difficult>0</difficult>
        <bndbox>
            <xmin>506</xmin>
            <ymin>519</ymin>
            <xmax>640</xmax>
            <ymax>597</ymax>
        </bndbox>
    </object>
</annotation>