<annotation>
    <folder>train</folder>
    <filename>img_tr-ca_11.jpg</filename>
    <size>
        <width>800</width>
        <height>600</height>
        <depth>3</depth>
    </size>
    <object>
        <name>toy_Car</name>
        <pose>Unspecified</pose>
        <truncated>0</truncated>
        <difficult>0</difficult>
        <bndbox>
            <xmin>616</xmin>
            <ymin>328</ymin>
            <xmax>737</xmax>
            <ymax>420</ymax>
        </bndbox>
    </object>
    <object>
        <name>Triangle</name>
        <pose>Unspecified</pose>
        <truncated>0</truncated>
        <difficult>0</difficult>
        <bndbox>
            <xmin>313</xmin>
            <ymin>358</ymin>
            <xmax>401</xmax>
            <ymax>441</ymax>
        </bndbox>
    </object>
</annotation>