<annotation>
    <folder>train</folder>
    <filename>img_tr-ca_8.jpg</filename>
    <size>
        <width>800</width>
        <height>600</height>
        <depth>3</depth>
    </size>
    <object>
        <name>toy_Car</name>
        <pose>Unspecified</pose>
        <truncated>0</truncated>
        <difficult>0</difficult>
        <bndbox>
            <xmin>285</xmin>
            <ymin>303</ymin>
            <xmax>404</xmax>
            <ymax>374</ymax>
        </bndbox>
    </object>
    <object>
        <name>Triangle</name>
        <pose>Unspecified</pose>
        <truncated>0</truncated>
        <difficult>0</difficult>
        <bndbox>
            <xmin>293</xmin>
            <ymin>448</ymin>
            <xmax>518</xmax>
            <ymax>597</ymax>
        </bndbox>
    </object>
</annotation>