<annotation>
    <folder>train</folder>
    <filename>img_tr-ca_9.jpg</filename>
    <size>
        <width>800</width>
        <height>600</height>
        <depth>3</depth>
    </size>
    <object>
        <name>Triangle</name>
        <pose>Unspecified</pose>
        <truncated>0</truncated>
        <difficult>0</difficult>
        <bndbox>
            <xmin>352</xmin>
            <ymin>110</ymin>
            <xmax>448</xmax>
            <ymax>156</ymax>
        </bndbox>
    </object>
    <object>
        <name>toy_Car</name>
        <pose>Unspecified</pose>
        <truncated>0</truncated>
        <difficult>0</difficult>
        <bndbox>
            <xmin>173</xmin>
            <ymin>186</ymin>
            <xmax>335</xmax>
            <ymax>353</ymax>
        </bndbox>
    </object>
</annotation>