<annotation>
    <folder>train</folder>
    <filename>img_ca-gn_3.jpg</filename>
    <size>
        <width>800</width>
        <height>600</height>
        <depth>3</depth>
    </size>
    <object>
        <name>Gun</name>
        <pose>Unspecified</pose>
        <truncated>0</truncated>
        <difficult>0</difficult>
        <bndbox>
            <xmin>396</xmin>
            <ymin>383</ymin>
            <xmax>611</xmax>
            <ymax>519</ymax>
        </bndbox>
    </object>
    <object>
        <name>toy_Car</name>
        <pose>Unspecified</pose>
        <truncated>0</truncated>
        <difficult>0</difficult>
        <bndbox>
            <xmin>76</xmin>
            <ymin>342</ymin>
            <xmax>287</xmax>
            <ymax>513</ymax>
        </bndbox>
    </object>
</annotation>