<annotation>
    <folder>train</folder>
    <filename>img_tr-ca_7.jpg</filename>
    <size>
        <width>800</width>
        <height>600</height>
        <depth>3</depth>
    </size>
    <object>
        <name>Triangle</name>
        <pose>Unspecified</pose>
        <truncated>0</truncated>
        <difficult>0</difficult>
        <bndbox>
            <xmin>149</xmin>
            <ymin>420</ymin>
            <xmax>263</xmax>
            <ymax>597</ymax>
        </bndbox>
    </object>
    <object>
        <name>toy_Car</name>
        <pose>Unspecified</pose>
        <truncated>0</truncated>
        <difficult>0</difficult>
        <bndbox>
            <xmin>200</xmin>
            <ymin>174</ymin>
            <xmax>302</xmax>
            <ymax>313</ymax>
        </bndbox>
    </object>
</annotation>