<annotation>
    <folder>train</folder>
    <filename>img_gn-tr_12.jpg</filename>
    <size>
        <width>800</width>
        <height>600</height>
        <depth>3</depth>
    </size>
    <object>
        <name>Gun</name>
        <pose>Unspecified</pose>
        <truncated>0</truncated>
        <difficult>0</difficult>
        <bndbox>
            <xmin>254</xmin>
            <ymin>152</ymin>
            <xmax>335</xmax>
            <ymax>262</ymax>
        </bndbox>
    </object>
    <object>
        <name>Triangle</name>
        <pose>Unspecified</pose>
        <truncated>0</truncated>
        <difficult>0</difficult>
        <bndbox>
            <xmin>460</xmin>
            <ymin>456</ymin>
            <xmax>601</xmax>
            <ymax>562</ymax>
        </bndbox>
    </object>
</annotation>