<annotation>
    <folder>train</folder>
    <filename>img_tr-ca_2.jpg</filename>
    <size>
        <width>800</width>
        <height>600</height>
        <depth>3</depth>
    </size>
    <object>
        <name>toy_Car</name>
        <pose>Unspecified</pose>
        <truncated>0</truncated>
        <difficult>0</difficult>
        <bndbox>
            <xmin>219</xmin>
            <ymin>476</ymin>
            <xmax>423</xmax>
            <ymax>599</ymax>
        </bndbox>
    </object>
    <object>
        <name>Triangle</name>
        <pose>Unspecified</pose>
        <truncated>0</truncated>
        <difficult>0</difficult>
        <bndbox>
            <xmin>466</xmin>
            <ymin>317</ymin>
            <xmax>579</xmax>
            <ymax>403</ymax>
        </bndbox>
    </object>
</annotation>