<annotation>
    <folder>train</folder>
    <filename>img_tr-ca-gn_11.jpg</filename>
    <size>
        <width>800</width>
        <height>600</height>
        <depth>3</depth>
    </size>
    <object>
        <name>toy_Car</name>
        <pose>Unspecified</pose>
        <truncated>0</truncated>
        <difficult>0</difficult>
        <bndbox>
            <xmin>546</xmin>
            <ymin>180</ymin>
            <xmax>672</xmax>
            <ymax>353</ymax>
        </bndbox>
    </object>
    <object>
        <name>Triangle</name>
        <pose>Unspecified</pose>
        <truncated>0</truncated>
        <difficult>0</difficult>
        <bndbox>
            <xmin>401</xmin>
            <ymin>219</ymin>
            <xmax>496</xmax>
            <ymax>376</ymax>
        </bndbox>
    </object>
    <object>
        <name>Gun</name>
        <pose>Unspecified</pose>
        <truncated>0</truncated>
        <difficult>0</difficult>
        <bndbox>
            <xmin>206</xmin>
            <ymin>201</ymin>
            <xmax>332</xmax>
            <ymax>326</ymax>
        </bndbox>
    </object>
</annotation>