<annotation>
    <folder>train</folder>
    <filename>img_ca-gn_12.jpg</filename>
    <size>
        <width>800</width>
        <height>600</height>
        <depth>3</depth>
    </size>
    <object>
        <name>Gun</name>
        <pose>Unspecified</pose>
        <truncated>0</truncated>
        <difficult>0</difficult>
        <bndbox>
            <xmin>372</xmin>
            <ymin>465</ymin>
            <xmax>549</xmax>
            <ymax>600</ymax>
        </bndbox>
    </object>
    <object>
        <name>toy_Car</name>
        <pose>Unspecified</pose>
        <truncated>0</truncated>
        <difficult>0</difficult>
        <bndbox>
            <xmin>466</xmin>
            <ymin>191</ymin>
            <xmax>584</xmax>
            <ymax>336</ymax>
        </bndbox>
    </object>
</annotation>