<annotation>
    <folder>train</folder>
    <filename>img_tr-ca_10.jpg</filename>
    <size>
        <width>800</width>
        <height>600</height>
        <depth>3</depth>
    </size>
    <object>
        <name>Triangle</name>
        <pose>Unspecified</pose>
        <truncated>0</truncated>
        <difficult>0</difficult>
        <bndbox>
            <xmin>373</xmin>
            <ymin>246</ymin>
            <xmax>439</xmax>
            <ymax>323</ymax>
        </bndbox>
    </object>
    <object>
        <name>toy_Car</name>
        <pose>Unspecified</pose>
        <truncated>0</truncated>
        <difficult>0</difficult>
        <bndbox>
            <xmin>378</xmin>
            <ymin>398</ymin>
            <xmax>534</xmax>
            <ymax>552</ymax>
        </bndbox>
    </object>
</annotation>