<annotation>
    <folder>train</folder>
    <filename>img_tr-ca-gn_19.jpg</filename>
    <size>
        <width>800</width>
        <height>600</height>
        <depth>3</depth>
    </size>
    <object>
        <name>Triangle</name>
        <pose>Unspecified</pose>
        <truncated>0</truncated>
        <difficult>0</difficult>
        <bndbox>
            <xmin>305</xmin>
            <ymin>190</ymin>
            <xmax>453</xmax>
            <ymax>275</ymax>
        </bndbox>
    </object>
    <object>
        <name>toy_Car</name>
        <pose>Unspecified</pose>
        <truncated>0</truncated>
        <difficult>0</difficult>
        <bndbox>
            <xmin>470</xmin>
            <ymin>369</ymin>
            <xmax>580</xmax>
            <ymax>438</ymax>
        </bndbox>
    </object>
    <object>
        <name>Gun</name>
        <pose>Unspecified</pose>
        <truncated>0</truncated>
        <difficult>0</difficult>
        <bndbox>
            <xmin>308</xmin>
            <ymin>527</ymin>
            <xmax>412</xmax>
            <ymax>596</ymax>
        </bndbox>
    </object>
</annotation>