<annotation>
    <folder>train</folder>
    <filename>img_ca-gn_10.jpg</filename>
    <size>
        <width>800</width>
        <height>600</height>
        <depth>3</depth>
    </size>
    <object>
        <name>toy_Car</name>
        <pose>Unspecified</pose>
        <truncated>0</truncated>
        <difficult>0</difficult>
        <bndbox>
            <xmin>516</xmin>
            <ymin>367</ymin>
            <xmax>639</xmax>
            <ymax>510</ymax>
        </bndbox>
    </object>
    <object>
        <name>Gun</name>
        <pose>Unspecified</pose>
        <truncated>0</truncated>
        <difficult>0</difficult>
        <bndbox>
            <xmin>250</xmin>
            <ymin>324</ymin>
            <xmax>350</xmax>
            <ymax>428</ymax>
        </bndbox>
    </object>
</annotation>