<annotation>
    <folder>train</folder>
    <filename>img_ca-gn_7.jpg</filename>
    <size>
        <width>800</width>
        <height>600</height>
        <depth>3</depth>
    </size>
    <object>
        <name>Gun</name>
        <pose>Unspecified</pose>
        <truncated>0</truncated>
        <difficult>0</difficult>
        <bndbox>
            <xmin>607</xmin>
            <ymin>392</ymin>
            <xmax>795</xmax>
            <ymax>540</ymax>
        </bndbox>
    </object>
    <object>
        <name>toy_Car</name>
        <pose>Unspecified</pose>
        <truncated>0</truncated>
        <difficult>0</difficult>
        <bndbox>
            <xmin>309</xmin>
            <ymin>359</ymin>
            <xmax>483</xmax>
            <ymax>502</ymax>
        </bndbox>
    </object>
</annotation>