<annotation>
    <folder>train</folder>
    <filename>img_tr-ca-gn_20.jpg</filename>
    <size>
        <width>800</width>
        <height>600</height>
        <depth>3</depth>
    </size>
    <object>
        <name>Gun</name>
        <pose>Unspecified</pose>
        <truncated>0</truncated>
        <difficult>0</difficult>
        <bndbox>
            <xmin>321</xmin>
            <ymin>435</ymin>
            <xmax>416</xmax>
            <ymax>533</ymax>
        </bndbox>
    </object>
    <object>
        <name>toy_Car</name>
        <pose>Unspecified</pose>
        <truncated>0</truncated>
        <difficult>0</difficult>
        <bndbox>
            <xmin>198</xmin>
            <ymin>248</ymin>
            <xmax>291</xmax>
            <ymax>358</ymax>
        </bndbox>
    </object>
    <object>
        <name>Triangle</name>
        <pose>Unspecified</pose>
        <truncated>0</truncated>
        <difficult>0</difficult>
        <bndbox>
            <xmin>519</xmin>
            <ymin>309</ymin>
            <xmax>635</xmax>
            <ymax>380</ymax>
        </bndbox>
    </object>
</annotation>