<annotation>
    <folder>train</folder>
    <filename>img_ca-gn_8.jpg</filename>
    <size>
        <width>800</width>
        <height>600</height>
        <depth>3</depth>
    </size>
    <object>
        <name>toy_Car</name>
        <pose>Unspecified</pose>
        <truncated>0</truncated>
        <difficult>0</difficult>
        <bndbox>
            <xmin>219</xmin>
            <ymin>379</ymin>
            <xmax>411</xmax>
            <ymax>521</ymax>
        </bndbox>
    </object>
    <object>
        <name>Gun</name>
        <pose>Unspecified</pose>
        <truncated>0</truncated>
        <difficult>0</difficult>
        <bndbox>
            <xmin>512</xmin>
            <ymin>294</ymin>
            <xmax>647</xmax>
            <ymax>399</ymax>
        </bndbox>
    </object>
</annotation>