<annotation>
    <folder>train</folder>
    <filename>img_ca-gn_4.jpg</filename>
    <size>
        <width>800</width>
        <height>600</height>
        <depth>3</depth>
    </size>
    <object>
        <name>toy_Car</name>
        <pose>Unspecified</pose>
        <truncated>0</truncated>
        <difficult>0</difficult>
        <bndbox>
            <xmin>270</xmin>
            <ymin>220</ymin>
            <xmax>378</xmax>
            <ymax>286</ymax>
        </bndbox>
    </object>
    <object>
        <name>Gun</name>
        <pose>Unspecified</pose>
        <truncated>0</truncated>
        <difficult>0</difficult>
        <bndbox>
            <xmin>428</xmin>
            <ymin>360</ymin>
            <xmax>561</xmax>
            <ymax>551</ymax>
        </bndbox>
    </object>
</annotation>