<annotation>
    <folder>train</folder>
    <filename>img_tr_4.jpg</filename>
    <size>
        <width>800</width>
        <height>600</height>
        <depth>3</depth>
    </size>
    <object>
        <name>Triangle</name>
        <pose>Unspecified</pose>
        <truncated>0</truncated>
        <difficult>0</difficult>
        <bndbox>
            <xmin>355</xmin>
            <ymin>264</ymin>
            <xmax>507</xmax>
            <ymax>390</ymax>
        </bndbox>
    </object>
</annotation>