<annotation>
    <folder>train</folder>
    <filename>img_tr-ca-gn_10.jpg</filename>
    <size>
        <width>800</width>
        <height>600</height>
        <depth>3</depth>
    </size>
    <object>
        <name>Gun</name>
        <pose>Unspecified</pose>
        <truncated>0</truncated>
        <difficult>0</difficult>
        <bndbox>
            <xmin>418</xmin>
            <ymin>7</ymin>
            <xmax>560</xmax>
            <ymax>100</ymax>
        </bndbox>
    </object>
    <object>
        <name>Triangle</name>
        <pose>Unspecified</pose>
        <truncated>0</truncated>
        <difficult>0</difficult>
        <bndbox>
            <xmin>358</xmin>
            <ymin>434</ymin>
            <xmax>427</xmax>
            <ymax>563</ymax>
        </bndbox>
    </object>
    <object>
        <name>toy_Car</name>
        <pose>Unspecified</pose>
        <truncated>0</truncated>
        <difficult>0</difficult>
        <bndbox>
            <xmin>202</xmin>
            <ymin>274</ymin>
            <xmax>311</xmax>
            <ymax>376</ymax>
        </bndbox>
    </object>
</annotation>