<annotation>
    <folder>train</folder>
    <filename>img_gn-tr_6.jpg</filename>
    <size>
        <width>800</width>
        <height>600</height>
        <depth>3</depth>
    </size>
    <object>
        <name>Triangle</name>
        <pose>Unspecified</pose>
        <truncated>0</truncated>
        <difficult>0</difficult>
        <bndbox>
            <xmin>337</xmin>
            <ymin>334</ymin>
            <xmax>488</xmax>
            <ymax>421</ymax>
        </bndbox>
    </object>
    <object>
        <name>Gun</name>
        <pose>Unspecified</pose>
        <truncated>0</truncated>
        <difficult>0</difficult>
        <bndbox>
            <xmin>183</xmin>
            <ymin>186</ymin>
            <xmax>263</xmax>
            <ymax>301</ymax>
        </bndbox>
    </object>
</annotation>