<annotation>
    <folder>train</folder>
    <filename>img_gn-tr_3.jpg</filename>
    <size>
        <width>800</width>
        <height>600</height>
        <depth>3</depth>
    </size>
    <object>
        <name>Gun</name>
        <pose>Unspecified</pose>
        <truncated>0</truncated>
        <difficult>0</difficult>
        <bndbox>
            <xmin>373</xmin>
            <ymin>399</ymin>
            <xmax>656</xmax>
            <ymax>524</ymax>
        </bndbox>
    </object>
    <object>
        <name>Triangle</name>
        <pose>Unspecified</pose>
        <truncated>0</truncated>
        <difficult>0</difficult>
        <bndbox>
            <xmin>230</xmin>
            <ymin>272</ymin>
            <xmax>431</xmax>
            <ymax>342</ymax>
        </bndbox>
    </object>
</annotation>