<annotation>
    <folder>train</folder>
    <filename>img_tr_7.jpg</filename>
    <size>
        <width>800</width>
        <height>600</height>
        <depth>3</depth>
    </size>
    <object>
        <name>Triangle</name>
        <pose>Unspecified</pose>
        <truncated>0</truncated>
        <difficult>0</difficult>
        <bndbox>
            <xmin>331</xmin>
            <ymin>321</ymin>
            <xmax>426</xmax>
            <ymax>420</ymax>
        </bndbox>
    </object>
</annotation>