<annotation>
    <folder>train</folder>
    <filename>img_tr-ca-gn_13.jpg</filename>
    <size>
        <width>800</width>
        <height>600</height>
        <depth>3</depth>
    </size>
    <object>
        <name>Gun</name>
        <pose>Unspecified</pose>
        <truncated>0</truncated>
        <difficult>0</difficult>
        <bndbox>
            <xmin>208</xmin>
            <ymin>449</ymin>
            <xmax>356</xmax>
            <ymax>533</ymax>
        </bndbox>
    </object>
    <object>
        <name>toy_Car</name>
        <pose>Unspecified</pose>
        <truncated>0</truncated>
        <difficult>0</difficult>
        <bndbox>
            <xmin>412</xmin>
            <ymin>252</ymin>
            <xmax>531</xmax>
            <ymax>317</ymax>
        </bndbox>
    </object>
    <object>
        <name>Triangle</name>
        <pose>Unspecified</pose>
        <truncated>0</truncated>
        <difficult>0</difficult>
        <bndbox>
            <xmin>491</xmin>
            <ymin>448</ymin>
            <xmax>642</xmax>
            <ymax>530</ymax>
        </bndbox>
    </object>
</annotation>