<annotation>
    <folder>train</folder>
    <filename>img_ca-gn_11.jpg</filename>
    <size>
        <width>800</width>
        <height>600</height>
        <depth>3</depth>
    </size>
    <object>
        <name>Gun</name>
        <pose>Unspecified</pose>
        <truncated>0</truncated>
        <difficult>0</difficult>
        <bndbox>
            <xmin>480</xmin>
            <ymin>272</ymin>
            <xmax>601</xmax>
            <ymax>354</ymax>
        </bndbox>
    </object>
    <object>
        <name>toy_Car</name>
        <pose>Unspecified</pose>
        <truncated>0</truncated>
        <difficult>0</difficult>
        <bndbox>
            <xmin>233</xmin>
            <ymin>318</ymin>
            <xmax>336</xmax>
            <ymax>451</ymax>
        </bndbox>
    </object>
</annotation>