<annotation>
    <folder>train</folder>
    <filename>img_tr_9.jpg</filename>
    <size>
        <width>800</width>
        <height>600</height>
        <depth>3</depth>
    </size>
    <object>
        <name>Triangle</name>
        <pose>Unspecified</pose>
        <truncated>0</truncated>
        <difficult>0</difficult>
        <bndbox>
            <xmin>271</xmin>
            <ymin>356</ymin>
            <xmax>373</xmax>
            <ymax>493</ymax>
        </bndbox>
    </object>
</annotation>