<annotation>
    <folder>train</folder>
    <filename>img_tr-ca_6.jpg</filename>
    <size>
        <width>800</width>
        <height>600</height>
        <depth>3</depth>
    </size>
    <object>
        <name>toy_Car</name>
        <pose>Unspecified</pose>
        <truncated>0</truncated>
        <difficult>0</difficult>
        <bndbox>
            <xmin>209</xmin>
            <ymin>317</ymin>
            <xmax>419</xmax>
            <ymax>483</ymax>
        </bndbox>
    </object>
    <object>
        <name>Triangle</name>
        <pose>Unspecified</pose>
        <truncated>0</truncated>
        <difficult>0</difficult>
        <bndbox>
            <xmin>508</xmin>
            <ymin>228</ymin>
            <xmax>683</xmax>
            <ymax>330</ymax>
        </bndbox>
    </object>
</annotation>