<annotation>
    <folder>train</folder>
    <filename>img_tr_8.jpg</filename>
    <size>
        <width>800</width>
        <height>600</height>
        <depth>3</depth>
    </size>
    <object>
        <name>Triangle</name>
        <pose>Unspecified</pose>
        <truncated>0</truncated>
        <difficult>0</difficult>
        <bndbox>
            <xmin>353</xmin>
            <ymin>316</ymin>
            <xmax>474</xmax>
            <ymax>464</ymax>
        </bndbox>
    </object>
</annotation>