<annotation>
    <folder>train</folder>
    <filename>img_ca-gn_5.jpg</filename>
    <size>
        <width>800</width>
        <height>600</height>
        <depth>3</depth>
    </size>
    <object>
        <name>Gun</name>
        <pose>Unspecified</pose>
        <truncated>0</truncated>
        <difficult>0</difficult>
        <bndbox>
            <xmin>176</xmin>
            <ymin>216</ymin>
            <xmax>288</xmax>
            <ymax>386</ymax>
        </bndbox>
    </object>
    <object>
        <name>toy_Car</name>
        <pose>Unspecified</pose>
        <truncated>0</truncated>
        <difficult>0</difficult>
        <bndbox>
            <xmin>516</xmin>
            <ymin>217</ymin>
            <xmax>682</xmax>
            <ymax>398</ymax>
        </bndbox>
    </object>
</annotation>