<annotation>
    <folder>train</folder>
    <filename>img_tr_1.jpg</filename>
    <size>
        <width>800</width>
        <height>600</height>
        <depth>3</depth>
    </size>
    <object>
        <name>Triangle</name>
        <pose>Unspecified</pose>
        <truncated>0</truncated>
        <difficult>0</difficult>
        <bndbox>
            <xmin>154</xmin>
            <ymin>293</ymin>
            <xmax>391</xmax>
            <ymax>402</ymax>
        </bndbox>
    </object>
</annotation>