<annotation>
    <folder>train</folder>
    <filename>img_tr-ca-gn_18.jpg</filename>
    <size>
        <width>800</width>
        <height>600</height>
        <depth>3</depth>
    </size>
    <object>
        <name>Gun</name>
        <pose>Unspecified</pose>
        <truncated>0</truncated>
        <difficult>0</difficult>
        <bndbox>
            <xmin>181</xmin>
            <ymin>274</ymin>
            <xmax>256</xmax>
            <ymax>410</ymax>
        </bndbox>
    </object>
    <object>
        <name>Triangle</name>
        <pose>Unspecified</pose>
        <truncated>0</truncated>
        <difficult>0</difficult>
        <bndbox>
            <xmin>361</xmin>
            <ymin>190</ymin>
            <xmax>493</xmax>
            <ymax>266</ymax>
        </bndbox>
    </object>
    <object>
        <name>toy_Car</name>
        <pose>Unspecified</pose>
        <truncated>0</truncated>
        <difficult>0</difficult>
        <bndbox>
            <xmin>485</xmin>
            <ymin>368</ymin>
            <xmax>594</xmax>
            <ymax>514</ymax>
        </bndbox>
    </object>
</annotation>