<annotation>
    <folder>train</folder>
    <filename>img_tr-ca_3.jpg</filename>
    <size>
        <width>800</width>
        <height>600</height>
        <depth>3</depth>
    </size>
    <object>
        <name>Triangle</name>
        <pose>Unspecified</pose>
        <truncated>0</truncated>
        <difficult>0</difficult>
        <bndbox>
            <xmin>288</xmin>
            <ymin>477</ymin>
            <xmax>502</xmax>
            <ymax>592</ymax>
        </bndbox>
    </object>
    <object>
        <name>toy_Car</name>
        <pose>Unspecified</pose>
        <truncated>0</truncated>
        <difficult>0</difficult>
        <bndbox>
            <xmin>341</xmin>
            <ymin>251</ymin>
            <xmax>510</xmax>
            <ymax>355</ymax>
        </bndbox>
    </object>
</annotation>