<annotation>
    <folder>train</folder>
    <filename>img_gn-tr_11.jpg</filename>
    <size>
        <width>800</width>
        <height>600</height>
        <depth>3</depth>
    </size>
    <object>
        <name>Triangle</name>
        <pose>Unspecified</pose>
        <truncated>0</truncated>
        <difficult>0</difficult>
        <bndbox>
            <xmin>321</xmin>
            <ymin>290</ymin>
            <xmax>462</xmax>
            <ymax>401</ymax>
        </bndbox>
    </object>
    <object>
        <name>Gun</name>
        <pose>Unspecified</pose>
        <truncated>0</truncated>
        <difficult>0</difficult>
        <bndbox>
            <xmin>532</xmin>
            <ymin>295</ymin>
            <xmax>672</xmax>
            <ymax>443</ymax>
        </bndbox>
    </object>
</annotation>