<annotation>
    <folder>train</folder>
    <filename>img_tr-ca-gn_9.jpg</filename>
    <size>
        <width>800</width>
        <height>600</height>
        <depth>3</depth>
    </size>
    <object>
        <name>Gun</name>
        <pose>Unspecified</pose>
        <truncated>0</truncated>
        <difficult>0</difficult>
        <bndbox>
            <xmin>305</xmin>
            <ymin>403</ymin>
            <xmax>398</xmax>
            <ymax>497</ymax>
        </bndbox>
    </object>
    <object>
        <name>toy_Car</name>
        <pose>Unspecified</pose>
        <truncated>0</truncated>
        <difficult>0</difficult>
        <bndbox>
            <xmin>492</xmin>
            <ymin>103</ymin>
            <xmax>649</xmax>
            <ymax>246</ymax>
        </bndbox>
    </object>
    <object>
        <name>Triangle</name>
        <pose>Unspecified</pose>
        <truncated>0</truncated>
        <difficult>0</difficult>
        <bndbox>
            <xmin>291</xmin>
            <ymin>105</ymin>
            <xmax>384</xmax>
            <ymax>240</ymax>
        </bndbox>
    </object>
</annotation>