<annotation>
    <folder>train</folder>
    <filename>img_tr-ca_12.jpg</filename>
    <size>
        <width>800</width>
        <height>600</height>
        <depth>3</depth>
    </size>
    <object>
        <name>Triangle</name>
        <pose>Unspecified</pose>
        <truncated>0</truncated>
        <difficult>0</difficult>
        <bndbox>
            <xmin>481</xmin>
            <ymin>203</ymin>
            <xmax>664</xmax>
            <ymax>289</ymax>
        </bndbox>
    </object>
    <object>
        <name>toy_Car</name>
        <pose>Unspecified</pose>
        <truncated>0</truncated>
        <difficult>0</difficult>
        <bndbox>
            <xmin>279</xmin>
            <ymin>285</ymin>
            <xmax>448</xmax>
            <ymax>489</ymax>
        </bndbox>
    </object>
</annotation>