<annotation>
    <folder>train</folder>
    <filename>img_gn-tr_8.jpg</filename>
    <size>
        <width>800</width>
        <height>600</height>
        <depth>3</depth>
    </size>
    <object>
        <name>Triangle</name>
        <pose>Unspecified</pose>
        <truncated>0</truncated>
        <difficult>0</difficult>
        <bndbox>
            <xmin>484</xmin>
            <ymin>235</ymin>
            <xmax>735</xmax>
            <ymax>378</ymax>
        </bndbox>
    </object>
    <object>
        <name>Gun</name>
        <pose>Unspecified</pose>
        <truncated>0</truncated>
        <difficult>0</difficult>
        <bndbox>
            <xmin>164</xmin>
            <ymin>264</ymin>
            <xmax>440</xmax>
            <ymax>394</ymax>
        </bndbox>
    </object>
</annotation>