<annotation>
    <folder>train</folder>
    <filename>img_tr-ca-gn_4.jpg</filename>
    <size>
        <width>800</width>
        <height>600</height>
        <depth>3</depth>
    </size>
    <object>
        <name>Gun</name>
        <pose>Unspecified</pose>
        <truncated>0</truncated>
        <difficult>0</difficult>
        <bndbox>
            <xmin>365</xmin>
            <ymin>433</ymin>
            <xmax>496</xmax>
            <ymax>564</ymax>
        </bndbox>
    </object>
    <object>
        <name>toy_Car</name>
        <pose>Unspecified</pose>
        <truncated>0</truncated>
        <difficult>0</difficult>
        <bndbox>
            <xmin>511</xmin>
            <ymin>196</ymin>
            <xmax>579</xmax>
            <ymax>280</ymax>
        </bndbox>
    </object>
    <object>
        <name>Triangle</name>
        <pose>Unspecified</pose>
        <truncated>0</truncated>
        <difficult>0</difficult>
        <bndbox>
            <xmin>433</xmin>
            <ymin>302</ymin>
            <xmax>500</xmax>
            <ymax>376</ymax>
        </bndbox>
    </object>
</annotation>