<annotation>
    <folder>train</folder>
    <filename>img_gn-tr_5.jpg</filename>
    <size>
        <width>800</width>
        <height>600</height>
        <depth>3</depth>
    </size>
    <object>
        <name>Gun</name>
        <pose>Unspecified</pose>
        <truncated>0</truncated>
        <difficult>0</difficult>
        <bndbox>
            <xmin>138</xmin>
            <ymin>411</ymin>
            <xmax>391</xmax>
            <ymax>575</ymax>
        </bndbox>
    </object>
    <object>
        <name>Triangle</name>
        <pose>Unspecified</pose>
        <truncated>0</truncated>
        <difficult>0</difficult>
        <bndbox>
            <xmin>471</xmin>
            <ymin>281</ymin>
            <xmax>556</xmax>
            <ymax>364</ymax>
        </bndbox>
    </object>
</annotation>