<annotation>
    <folder>train</folder>
    <filename>img_tr-ca_5.jpg</filename>
    <size>
        <width>800</width>
        <height>600</height>
        <depth>3</depth>
    </size>
    <object>
        <name>Triangle</name>
        <pose>Unspecified</pose>
        <truncated>0</truncated>
        <difficult>0</difficult>
        <bndbox>
            <xmin>189</xmin>
            <ymin>245</ymin>
            <xmax>300</xmax>
            <ymax>400</ymax>
        </bndbox>
    </object>
    <object>
        <name>toy_Car</name>
        <pose>Unspecified</pose>
        <truncated>0</truncated>
        <difficult>0</difficult>
        <bndbox>
            <xmin>483</xmin>
            <ymin>216</ymin>
            <xmax>619</xmax>
            <ymax>398</ymax>
        </bndbox>
    </object>
</annotation>