<annotation>
    <folder>train</folder>
    <filename>img_gn-tr_1.jpg</filename>
    <size>
        <width>800</width>
        <height>600</height>
        <depth>3</depth>
    </size>
    <object>
        <name>Triangle</name>
        <pose>Unspecified</pose>
        <truncated>0</truncated>
        <difficult>0</difficult>
        <bndbox>
            <xmin>473</xmin>
            <ymin>323</ymin>
            <xmax>588</xmax>
            <ymax>512</ymax>
        </bndbox>
    </object>
    <object>
        <name>Gun</name>
        <pose>Unspecified</pose>
        <truncated>0</truncated>
        <difficult>0</difficult>
        <bndbox>
            <xmin>165</xmin>
            <ymin>274</ymin>
            <xmax>313</xmax>
            <ymax>429</ymax>
        </bndbox>
    </object>
</annotation>