<annotation>
    <folder>train</folder>
    <filename>img_ca-gn_2.jpg</filename>
    <size>
        <width>800</width>
        <height>600</height>
        <depth>3</depth>
    </size>
    <object>
        <name>toy_Car</name>
        <pose>Unspecified</pose>
        <truncated>0</truncated>
        <difficult>0</difficult>
        <bndbox>
            <xmin>164</xmin>
            <ymin>253</ymin>
            <xmax>301</xmax>
            <ymax>452</ymax>
        </bndbox>
    </object>
    <object>
        <name>Gun</name>
        <pose>Unspecified</pose>
        <truncated>0</truncated>
        <difficult>0</difficult>
        <bndbox>
            <xmin>427</xmin>
            <ymin>227</ymin>
            <xmax>553</xmax>
            <ymax>378</ymax>
        </bndbox>
    </object>
</annotation>