<annotation>
    <folder>train</folder>
    <filename>img_ca_6.jpg</filename>
    <size>
        <width>800</width>
        <height>600</height>
        <depth>3</depth>
    </size>
    <object>
        <name>toy_Car</name>
        <pose>Unspecified</pose>
        <truncated>0</truncated>
        <difficult>0</difficult>
        <bndbox>
            <xmin>247</xmin>
            <ymin>403</ymin>
            <xmax>533</xmax>
            <ymax>577</ymax>
        </bndbox>
    </object>
</annotation>