<annotation>
    <folder>train</folder>
    <filename>img_tr_3.jpg</filename>
    <size>
        <width>800</width>
        <height>600</height>
        <depth>3</depth>
    </size>
    <object>
        <name>Triangle</name>
        <pose>Unspecified</pose>
        <truncated>0</truncated>
        <difficult>0</difficult>
        <bndbox>
            <xmin>491</xmin>
            <ymin>346</ymin>
            <xmax>703</xmax>
            <ymax>498</ymax>
        </bndbox>
    </object>
    <object>
        <name>toy_Car</name>
        <pose>Unspecified</pose>
        <truncated>0</truncated>
        <difficult>0</difficult>
        <bndbox>
            <xmin>407</xmin>
            <ymin>174</ymin>
            <xmax>507</xmax>
            <ymax>244</ymax>
        </bndbox>
    </object>
</annotation>