<annotation>
    <folder>train</folder>
    <filename>img_tr-ca-gn_16.jpg</filename>
    <size>
        <width>800</width>
        <height>600</height>
        <depth>3</depth>
    </size>
    <object>
        <name>Triangle</name>
        <pose>Unspecified</pose>
        <truncated>0</truncated>
        <difficult>0</difficult>
        <bndbox>
            <xmin>378</xmin>
            <ymin>402</ymin>
            <xmax>517</xmax>
            <ymax>517</ymax>
        </bndbox>
    </object>
    <object>
        <name>Gun</name>
        <pose>Unspecified</pose>
        <truncated>0</truncated>
        <difficult>0</difficult>
        <bndbox>
            <xmin>263</xmin>
            <ymin>129</ymin>
            <xmax>346</xmax>
            <ymax>274</ymax>
        </bndbox>
    </object>
    <object>
        <name>toy_Car</name>
        <pose>Unspecified</pose>
        <truncated>0</truncated>
        <difficult>0</difficult>
        <bndbox>
            <xmin>396</xmin>
            <ymin>74</ymin>
            <xmax>557</xmax>
            <ymax>167</ymax>
        </bndbox>
    </object>
</annotation>