<annotation>
    <folder>train</folder>
    <filename>img_gn-tr_2.jpg</filename>
    <size>
        <width>800</width>
        <height>600</height>
        <depth>3</depth>
    </size>
    <object>
        <name>Triangle</name>
        <pose>Unspecified</pose>
        <truncated>0</truncated>
        <difficult>0</difficult>
        <bndbox>
            <xmin>153</xmin>
            <ymin>329</ymin>
            <xmax>297</xmax>
            <ymax>472</ymax>
        </bndbox>
    </object>
    <object>
        <name>Gun</name>
        <pose>Unspecified</pose>
        <truncated>0</truncated>
        <difficult>0</difficult>
        <bndbox>
            <xmin>388</xmin>
            <ymin>402</ymin>
            <xmax>570</xmax>
            <ymax>552</ymax>
        </bndbox>
    </object>
</annotation>