<annotation>
    <folder>train</folder>
    <filename>img_tr_6.jpg</filename>
    <size>
        <width>800</width>
        <height>600</height>
        <depth>3</depth>
    </size>
    <object>
        <name>Triangle</name>
        <pose>Unspecified</pose>
        <truncated>0</truncated>
        <difficult>0</difficult>
        <bndbox>
            <xmin>305</xmin>
            <ymin>430</ymin>
            <xmax>444</xmax>
            <ymax>557</ymax>
        </bndbox>
    </object>
</annotation>