<annotation>
    <folder>train</folder>
    <filename>img_gn-tr_10.jpg</filename>
    <size>
        <width>800</width>
        <height>600</height>
        <depth>3</depth>
    </size>
    <object>
        <name>Gun</name>
        <pose>Unspecified</pose>
        <truncated>0</truncated>
        <difficult>0</difficult>
        <bndbox>
            <xmin>470</xmin>
            <ymin>376</ymin>
            <xmax>628</xmax>
            <ymax>481</ymax>
        </bndbox>
    </object>
    <object>
        <name>Triangle</name>
        <pose>Unspecified</pose>
        <truncated>0</truncated>
        <difficult>0</difficult>
        <bndbox>
            <xmin>351</xmin>
            <ymin>232</ymin>
            <xmax>470</xmax>
            <ymax>310</ymax>
        </bndbox>
    </object>
</annotation>