<annotation>
    <folder>train</folder>
    <filename>img_tr-ca-gn_6.jpg</filename>
    <size>
        <width>800</width>
        <height>600</height>
        <depth>3</depth>
    </size>
    <object>
        <name>Gun</name>
        <pose>Unspecified</pose>
        <truncated>0</truncated>
        <difficult>0</difficult>
        <bndbox>
            <xmin>176</xmin>
            <ymin>466</ymin>
            <xmax>351</xmax>
            <ymax>596</ymax>
        </bndbox>
    </object>
    <object>
        <name>Triangle</name>
        <pose>Unspecified</pose>
        <truncated>0</truncated>
        <difficult>0</difficult>
        <bndbox>
            <xmin>356</xmin>
            <ymin>289</ymin>
            <xmax>441</xmax>
            <ymax>359</ymax>
        </bndbox>
    </object>
    <object>
        <name>toy_Car</name>
        <pose>Unspecified</pose>
        <truncated>0</truncated>
        <difficult>0</difficult>
        <bndbox>
            <xmin>544</xmin>
            <ymin>336</ymin>
            <xmax>627</xmax>
            <ymax>447</ymax>
        </bndbox>
    </object>
</annotation>