<annotation>
    <folder>train</folder>
    <filename>img_ca_4.jpg</filename>
    <size>
        <width>800</width>
        <height>600</height>
        <depth>3</depth>
    </size>
    <object>
        <name>toy_Car</name>
        <pose>Unspecified</pose>
        <truncated>0</truncated>
        <difficult>0</difficult>
        <bndbox>
            <xmin>422</xmin>
            <ymin>360</ymin>
            <xmax>581</xmax>
            <ymax>578</ymax>
        </bndbox>
    </object>
</annotation>